vybeh_id,nazev,datumVystavby,lokace na mapě zoo,prumernaTeplota,popis
Savana,Savana,2002-09-24,S1,,"""1200 m^2 rovinné travnaté plochy, na okrajích s velkými rozestupy rostou baobaby a blahovičníky."""
Poušť,Poušť,2003-08-19,S2,,"""1500 m^2 rovinné písčité plochy, na levém okraji roste mix listnatých stromů. """
Hory,Hory,2005-06-02,S3,,"""1000 m^2 plochy strmitých skalisek. """
TeráriumKober,TeráriumKober,2011-04-01,PL1,,"""4 m^2 plochy,prosklenné terrárium s umělým jezírkem a starými dubovými větvemi """
VýběhGoril,VýběhGoril,2010-04-12,PR2,,"""100 m^2 plochy,prosklenný plot,nerovný travnatý povrch,roste zde několik dubů. """