zvireTyp_id,nazev,popis,popisChovu
Zebra,Zebra,"""Bílý kůň s černýma pruhama""","""Zebry mají rády slunné teplé travnaté pláně,živí se trávou,senem. Zimu tráví ve stájích"""
VelbloudDvouhrbý,VelbloudDvouhrbý,"""Hnědý kůň s dvouma hrbama""","""Velbloud je velmi nenáročné zvíře,živí se trávou,senem. Zimu tráví ve stájích. Když jednou zapomenete dodat vodu,nic se nestane."""
PaovceHřivnatá,PaovceHřivnatá,"""Jedná se o druh z podčeledi kozy a ovce původem ze skal hor v Severní Africe.""","""Živí se trávou,senem. Zimu tráví ve stájích."""
KobraKrálovská,KobraKrálovská,"""je druhem jedovatého hada z čeledi korálovcovitých,který žije v oblasti jižní a jihovýchodní Asie.""","""Živí se myšmi,nutné je být opatrný,jedná se o jednovatého hada."""
GorilaNížnná,GorilaNížnná,"""Domovem goril jsou tropické lesy v rovníkové Africe,kde se vyskytují ve dvou oblastech oddělených deštným lesem konžské pánve.""","""Živí se částí rostlin, ovoce, mravenci. """
